"entity_id",Wikidata diff,"Reference","calendar of date in DB",date of edit,user,bot (y/n),property"Q37217",https://www.wikidata.org/w/index.php?title=Q37217&diff=155717584&oldid=149466221,https://de.wikipedia.org/wiki/Fjodor_Iwanowitsch_Tjuttschew,greg,"04:37, 4 September 2014",Vlsergey,y,
Q104205,https://www.wikidata.org/w/index.php?title=Q104205&diff=54596277&oldid=54596269,https://en.wikipedia.org/wiki/Pope_Eugene_II,greg,"22:53, 6 July 2013",Denny,n,
Q103423,https://www.wikidata.org/w/index.php?title=Q103423&diff=54589372&oldid=54589352,https://en.wikipedia.org/wiki/Pope_Marinus_II,greg,"21:36, 6 July 2013",Denny,n,
Q103396,https://www.wikidata.org/w/index.php?title=Q103396&diff=56579027&oldid=56578937,https://en.wikipedia.org/wiki/Pope_Adeodatus_II,greg,"20:34, 11 July 2013",Denny,n,P570 (date of death)
Q103396,https://www.wikidata.org/w/index.php?title=Q103396&diff=56578847&oldid=56578770,https://en.wikipedia.org/wiki/Pope_Adeodatus_II,"greg
","20:33, 11 July 2013",Denny,n,P39 / start time
Q101437,https://www.wikidata.org/w/index.php?title=Q101437&diff=195593358&oldid=193054300,http://www.treccani.it/enciclopedia/pio-ii_%28Enciclopedia_dei_Papi%29/,jul,"10:55, 11 February 2015",Accurimbono,n,P569 (date of birth)
Q101437,https://www.wikidata.org/w/index.php?title=Q101437&diff=195593738&oldid=195593410,https://en.wikipedia.org/wiki/Pope_Pius_II,jul,"10:58, 11 February 2015",Accurimbono,n,P570 (date of death)
Q101437,https://www.wikidata.org/w/index.php?title=Q101437&diff=192695250&oldid=186906680,http://www.treccani.it/enciclopedia/pio-ii_%28Enciclopedia_dei_Papi%29/,greg,"18:56, 9 January 2015",Sorenike,n,P569 (date of birth)
Q101437,https://www.wikidata.org/w/index.php?title=Q101437&diff=192695279&oldid=192695250,https://en.wikipedia.org/wiki/Pope_Pius_II,greg,"17:23, 1 February 2015",Candalua,n,P570 (date of death)
Q103625,https://www.wikidata.org/w/index.php?title=Q103625&diff=195591400&oldid=192694357,http://www2.fiu.edu/~mirandas/bios1278.htm#Masci,jul,"10:42, 11 February 2015",Accurimbono,n,P569 (date of birth)
Q103625,https://www.wikidata.org/w/index.php?title=Q103625&diff=195591427&oldid=195591400,http://www.treccani.it/enciclopedia/niccolo-iv_%28Enciclopedia_dei_Papi%29/,jul,"10:42, 11 February 2015",Accurimbono,n,P570 (date of death)
Q103625,https://www.wikidata.org/w/index.php?title=Q103625&diff=54572589&oldid=54572564,http://www2.fiu.edu/~mirandas/bios1278.htm#Masci,greg,"18:57, 6 July 2013",Denny,n,P39 / start time
Q103625,https://www.wikidata.org/w/index.php?title=Q103625&diff=117395789&oldid=117395412,http://www2.fiu.edu/~mirandas/bios1278.htm#Masci,greg,"21:30, 21 March 2014",Teolemon,n,P39 / end time
Q103625,https://www.wikidata.org/w/index.php?title=Q103625&diff=54572530&oldid=54572499,http://www2.fiu.edu/~mirandas/bios1278.htm#Masci,greg,"18:57, 6 July 2013",Denny,n,P569 (date of birth)
Q103625,https://www.wikidata.org/w/index.php?title=Q103625&diff=54572544&oldid=54572530,http://www2.fiu.edu/~mirandas/bios1278.htm#Masci,greg,"18:57, 6 July 2013",Denny,n,P570 (date of death)
Q133046,https://www.wikidata.org/w/index.php?title=Q133046&diff=54570647&oldid=54570628,https://en.wikipedia.org/wiki/Pope_Urban_V,greg,"18:33, 6 July 2013",Denny,n,P570 (date of death)
Q133046,https://www.wikidata.org/w/index.php?title=Q133046&diff=54570841&oldid=54570827,https://en.wikipedia.org/wiki/Pope_Urban_V,greg,"18:35, 6 July 2013",Denny,n,P39 / start time
Q134687,https://www.wikidata.org/w/index.php?title=Q134687&diff=60571645&oldid=60571622,https://en.wikipedia.org/wiki/Pope_Felix_I,jul,"19:48, 21 July 2013",Denny,n,P570 (date of death)
Q134687,https://www.wikidata.org/w/index.php?title=Q134687&diff=60571574&oldid=60571551,https://en.wikipedia.org/wiki/Pope_Felix_I,jul,"19:48, 21 July 201",Denny,n,P39 / start time
Q132845,https://www.wikidata.org/w/index.php?title=Q132845&diff=54578045&oldid=54578024,http://www.britannica.com/EBchecked/topic/6509/Adrian-IV,jul,"19:50, 6 July 2013",Denny,n,P570 (date of death)
Q132845,https://www.wikidata.org/w/index.php?title=Q132845&diff=54578024&oldid=54578001,https://en.wikipedia.org/wiki/Pope_Adrian_IV,greg,"19:49, 6 July 2013",Denny,n,P39 / start time
Q131981,https://www.wikidata.org/w/index.php?title=Q131981&diff=84054618&oldid=84054503,https://en.wikipedia.org/wiki/George_II_of_Great_Britain,greg,"02:20, 6 November 2013",Arctic.gnome,n,P569 (date of birth)
Q131981,https://www.wikidata.org/w/index.php?title=Q131981&diff=84054503&oldid=84054305,https://en.wikipedia.org/wiki/George_II_of_Great_Britain,greg,"02:19, 6 November 2013",Arctic.gnome,n,P39 / start time
Q132100,https://www.wikidata.org/w/index.php?title=Q132100&diff=60575105&oldid=60575073,https://en.wikipedia.org/wiki/Pope_Anterus,jul,"20:08, 21 July 2013",Denny,n,P570 (date of death)
Q132100,https://www.wikidata.org/w/index.php?title=Q132100&diff=60575005&oldid=60574947,https://en.wikipedia.org/wiki/Pope_Anterus,jul,"20:07, 21 July 2013",Denny,n,P39 / start time
Q134646,https://www.wikidata.org/w/index.php?title=Q134646&diff=191378196&oldid=191378174,https://en.wikipedia.org/wiki/Pope_Boniface_VIII,jul,"21:39, 26 January 2015",Accurimbono,n,P570 (date of death)
Q134646,https://www.wikidata.org/w/index.php?title=Q134646&diff=54572032&oldid=54572004,https://en.wikipedia.org/wiki/Pope_Boniface_VIII,greg,"18:51, 6 July 2013",Denny,n,P39 / start time
Q132545,https://www.wikidata.org/w/index.php?title=Q132545&diff=103442606&oldid=103442220,enwiki,greg,"17:48, 19 January 2014",GautierPoupeau,n,P39 / end time
Q132793,https://www.wikidata.org/w/index.php?title=Q132793&diff=60573764&oldid=60573732,https://de.wikipedia.org/wiki/Lucius_I.,jul,"20:01, 21 July 2013",Denny,n,P570 (date of death)
Q132793,https://www.wikidata.org/w/index.php?title=Q132793&diff=60573513&oldid=60573472,https://de.wikipedia.org/wiki/Lucius_I.,jul,"19:59, 21 July 2013",Denny,n,P39 / start time
Q129857,https://www.wikidata.org/w/index.php?title=Q129857&diff=103440391&oldid=102855868,https://de.wikipedia.org/wiki/Franz_I._%28Frankreich%29,greg,"17:41, 19 January 2014",GautierPoupeau,n,P39 / start time
Q129857,https://www.wikidata.org/w/index.php?title=Q129857&diff=103440391&oldid=102855868,https://de.wikipedia.org/wiki/Franz_I._%28Frankreich%29,greg,"17:41, 19 January 2014",GautierPoupeau,n,P39 / end time
Q153080,https://www.wikidata.org/w/index.php?title=Q153080&diff=93671404&oldid=93671313,https://de.wikipedia.org/wiki/Ludwig_der_Deutsche,jul,"19:35, 15 December 2013",JeLuF,n,P35 / end
Q199612,https://www.wikidata.org/w/index.php?title=Q199612&diff=56579671&oldid=56579595,https://en.wikipedia.org/wiki/Pope_Vitalian,greg,"20:35, 11 July 2013",Denny,n,P570 (date of death)
Q199612,https://www.wikidata.org/w/index.php?title=Q199612&diff=56579520&oldid=56579384,https://en.wikipedia.org/wiki/Pope_Vitalian,greg,"20:35, 11 July 2013",Denny,n,P39 / start
Q746271,https://www.wikidata.org/w/index.php?title=Q746271&diff=92937333&oldid=92937191,https://hu.wikipedia.org/wiki/Szentgotth%C3%A1rdi_ciszterci_ap%C3%A1ts%C3%A1g,greg,"11:11, 12 December 2013",Laurent Jerry,n,P611 / start
Q746271,https://www.wikidata.org/w/index.php?title=Q746271&diff=92937569&oldid=92937402,https://hu.wikipedia.org/wiki/Szentgotth%C3%A1rdi_ciszterci_ap%C3%A1ts%C3%A1g,greg,"11:12, 12 December 2013",Laurent Jerry,"n
",P612 / start
Q979177,https://www.wikidata.org/w/index.php?title=Q979177&diff=87953347&oldid=87953288,https://fr.wikipedia.org/wiki/Abbaye_Notre-Dame_du_Reclus,greg,"09:50, 20 November 2013",Laurent Jerry,n,P611 / start
Q2408959,https://www.wikidata.org/w/index.php?title=Q2408959&diff=105487995&oldid=105487918,https://en.wikipedia.org/wiki/H%C5%8Dj%C5%8D_Masamura,greg,"12:18, 27 January 2014",Dɐ,n,P569 (date of birth)
Q2408959,https://www.wikidata.org/w/index.php?title=Q2408959&diff=105488041&oldid=105487995,https://en.wikipedia.org/wiki/H%C5%8Dj%C5%8D_Masamura,greg,"12:18, 27 January 2014",Dɐ,n,P570 (date of death)
Q7501,https://www.wikidata.org/w/index.php?title=Q7501&diff=49786331&oldid=49786269,https://en.wikipedia.org/wiki/Emperor_Duanzong_of_Song,"greg
","19:40, 7 June 2013",Sven Manguard,n,P570 (date of death)
Q7501,https://www.wikidata.org/w/index.php?title=Q7501&diff=49786260&oldid=49786229,https://en.wikipedia.org/wiki/Emperor_Duanzong_of_Song,"greg
","19:37, 7 June 2013",Sven Manguard,n,P39 / start time
Q7501,https://www.wikidata.org/w/index.php?title=Q7501&diff=49786260&oldid=49786229,https://en.wikipedia.org/wiki/Emperor_Duanzong_of_Song,"greg
","19:37, 7 June 2013",Sven Manguard,n,P39 / end time
Q21181,https://www.wikidata.org/w/index.php?title=Q21181&diff=175086944&oldid=175086858,https://da.wikipedia.org/wiki/Fredericia,jul,"17:16, 18 November 2014",Delirium,n,P1448 / start
Q21181,https://www.wikidata.org/w/index.php?title=Q21181&diff=175086425&oldid=175086048,https://da.wikipedia.org/wiki/Fredericia,jul,"17:13, 18 November 2014",Delirium,n,P1448 / end
Q118081,https://www.wikidata.org/w/index.php?title=Q118081&diff=54572427&oldid=54572360,https://en.wikipedia.org/wiki/Pope_Celestine_V,greg,"18:56, 6 July 2013","Denny
",n,P570 (date of death)
Q118081,https://www.wikidata.org/w/index.php?title=Q118081&diff=54572263&oldid=54572241,https://en.wikipedia.org/wiki/Pope_Celestine_V,greg,"18:54, 6 July 2013",Denny,n,P39 / start time
Q118081,https://www.wikidata.org/w/index.php?title=Q118081&diff=54572292&oldid=54572263,https://en.wikipedia.org/wiki/Pope_Celestine_V,greg,"18:54, 6 July 2013",Denny,n,P39 / end time
Q58563,https://www.wikidata.org/w/index.php?title=Q58563&diff=54583582&oldid=54583572,https://en.wikipedia.org/wiki/Pope_Victor_II,greg,"20:37, 6 July 2013",Denny,n,P570 (date of death)
Q58563,https://www.wikidata.org/w/index.php?title=Q58563&diff=54583572&oldid=54583547,https://en.wikipedia.org/wiki/Pope_Victor_II,greg,"20:37, 6 July 2013",Denny,n,P39 / start time
Q58573,https://www.wikidata.org/w/index.php?title=Q58573&diff=54584667&oldid=54584657,https://en.wikipedia.org/wiki/Pope_Clement_II,greg,"20:52, 6 July 2013",Denny,n,P39 / start time
Q58559,https://www.wikidata.org/w/index.php?title=Q58559&diff=54583694&oldid=54583681,https://en.wikipedia.org/wiki/Pope_Leo_IX,greg,"20:39, 6 July 2013",Denny,n,P569 (date of birth)
Q58559,https://www.wikidata.org/w/index.php?title=Q58559&diff=54583701&oldid=54583694,https://en.wikipedia.org/wiki/Pope_Leo_IX,greg,"20:39, 6 July 2013",Denny,n,P570 (date of death)
Q58559,https://www.wikidata.org/w/index.php?title=Q58559&diff=54583681&oldid=54583672,https://en.wikipedia.org/wiki/Pope_Leo_IX,greg,"20:39, 6 July 2013",Denny,n,P39 / start time
Q445187,https://www.wikidata.org/w/index.php?title=Q445187&diff=154280193&oldid=153098661,https://de.wikipedia.org/wiki/Grigori_Nikolajewitsch_Neuimin,greg,"00:33, 30 August 2014",Vlsergey,y,P569 (date of birth)
Q447639,https://www.wikidata.org/w/index.php?title=Q447639&diff=87488953&oldid=87488948,https://de.wikipedia.org/wiki/Ashikaga_Yoshihisa,jul,"06:56, 18 November 2013",KrBot,y,P569 (date of birth)
Q447639,https://www.wikidata.org/w/index.php?title=Q447639&diff=87488960&oldid=87488956,https://de.wikipedia.org/wiki/Ashikaga_Yoshihisa,jul,"06:56, 18 November 2013",KrBot,y,P570 (date of death)
Q442658,https://www.wikidata.org/w/index.php?title=Q442658&diff=156932041&oldid=143404956,https://de.wikipedia.org/wiki/Jelena_Genrichowna_Guro,greg,"04:37, 12 September 2014",Vlsergey,y,P569 (date of birth)
Q442658,https://www.wikidata.org/w/index.php?title=Q442658&diff=156932041&oldid=143404956,https://de.wikipedia.org/wiki/Jelena_Genrichowna_Guro,greg,"04:37, 12 September 2014",Vlsergey,y,P570 (date of death)
Q447180,https://www.wikidata.org/w/index.php?title=Q447180&diff=154669997&oldid=152861310,https://de.wikipedia.org/wiki/Igor_Michailowitsch_Djakonow,greg,"18:33, 31 August 2014",Vlsergey,y,P569 (date of birth)
Q844501,https://www.wikidata.org/w/index.php?title=Q844501&diff=155723708&oldid=150830003,"https://ru.wikipedia.org/wiki/%D0%A0%D1%8F%D0%B1%D1%83%D1%88%D0%BA%D0%B8%D0%BD,_%D0%A2%D0%B8%D0%BC%D0%BE%D0%BD_%D0%92%D0%B0%D1%81%D0%B8%D0%BB%D1%8C%D0%B5%D0%B2%D0%B8%D1%87",greg,"06:48, 4 September 2014",Vlsergey,y,P569 (date of birth)
Q4520220,https://www.wikidata.org/w/index.php?title=Q4520220&diff=157446131&oldid=112429059,"https://ru.wikipedia.org/wiki/%D0%A8%D0%B0%D0%BF%D0%B8%D1%80%D0%BE%D0%B2,_%D0%91%D0%BE%D1%80%D0%B8%D1%81_%D0%9C%D0%B8%D1%85%D0%B0%D0%B9%D0%BB%D0%BE%D0%B2%D0%B8%D1%87",greg,"12:32, 14 September 2014",Vlsergey,y,P569 (date of birth)
Q4520220,https://www.wikidata.org/w/index.php?title=Q4520220&diff=157446131&oldid=112429059,"https://ru.wikipedia.org/wiki/%D0%A8%D0%B0%D0%BF%D0%B8%D1%80%D0%BE%D0%B2,_%D0%91%D0%BE%D1%80%D0%B8%D1%81_%D0%9C%D0%B8%D1%85%D0%B0%D0%B9%D0%BB%D0%BE%D0%B2%D0%B8%D1%87",greg,"12:32, 14 September 2014",Vlsergey,y,P570 (date of death)
Q172916,https://www.wikidata.org/w/index.php?title=Q172916&diff=54573521&oldid=54573499,https://de.wikipedia.org/wiki/Johannes_XXI.,greg,"19:06, 6 July 2013",Denny,n,P570 (date of death)
Q321563,https://www.wikidata.org/w/index.php?title=Q321563&diff=194904478&oldid=192939358,https://it.wikipedia.org/wiki/Paolo_dal_Pozzo_Toscanelli,jul,"09:30, 9 February 2015",Candalua,"n
",P569 (date of birth)
Q321563,https://www.wikidata.org/w/index.php?title=Q321563&diff=194904664&oldid=194904630,https://it.wikipedia.org/wiki/Paolo_dal_Pozzo_Toscanelli,jul,"09:31, 9 February 2015",Candalua,"n
",P570 (date of death)
Q349467,https://www.wikidata.org/w/index.php?title=Q349467&diff=52086285&oldid=49684599,https://de.wikipedia.org/wiki/Go-Nara,greg,"09:12, 23 June 2013",X meta,"n
",P569 (date of birth)
Q349467,https://www.wikidata.org/w/index.php?title=Q349467&diff=52086306&oldid=52086285,https://de.wikipedia.org/wiki/Go-Nara,greg,"09:12, 23 June 2013",X meta,"n
",P570 (date of death)
Q3442373,https://www.wikidata.org/w/index.php?title=Q3442373&diff=160170796&oldid=160170678,"https://ru.wikipedia.org/wiki/%D0%96%D0%B5%D0%BB%D0%B8%D1%85%D0%BE%D0%B2%D1%81%D0%BA%D0%B0%D1%8F,_%D0%92%D0%B5%D1%80%D0%B0_%D0%9F%D0%B5%D1%82%D1%80%D0%BE%D0%B2%D0%BD%D0%B0",jul,"01:52, 28 September 2014",EugeneZelenko,n,P569 (date of birth)
Q3442373,https://www.wikidata.org/w/index.php?title=Q3442373&diff=160170849&oldid=160170796,"https://ru.wikipedia.org/wiki/%D0%96%D0%B5%D0%BB%D0%B8%D1%85%D0%BE%D0%B2%D1%81%D0%BA%D0%B0%D1%8F,_%D0%92%D0%B5%D1%80%D0%B0_%D0%9F%D0%B5%D1%82%D1%80%D0%BE%D0%B2%D0%BD%D0%B0",jul,"01:52, 28 September 2014",EugeneZelenko,n,P570 (date of death)
Q2705969,https://www.wikidata.org/w/index.php?title=Q2705969&diff=82012257&oldid=76087450,https://en.wikipedia.org/wiki/Guaimar_II_of_Salerno,jul,"19:27, 27 October 2013",KrBot,y,P570 (date of death)
Q788806,https://www.wikidata.org/w/index.php?title=Q788806&diff=83694249&oldid=76864103,https://de.wikipedia.org/wiki/Konrad_von_Bayern,jul,"10:32, 4 November 2013",KrBot,y,P570 (date of death)
Q4331797,https://www.wikidata.org/w/index.php?title=Q4331797&diff=78925679&oldid=78925673,"https://ru.wikipedia.org/wiki/%D0%9E%D0%B4%D1%80%D0%BE%D0%B2%D0%BE%D0%BD%D0%B6,_%D0%9F%D1%91%D1%82%D1%80",jul,"08:17, 17 October 2013",KrBot,y,P570 (date of death)
Q11768400,https://www.wikidata.org/w/index.php?title=Q11768400&diff=154290025&oldid=153510564,"https://ru.wikipedia.org/wiki/%D0%9D%D0%B5%D0%B1%D0%BE%D0%BB%D1%8C%D1%81%D0%B8%D0%BD,_%D0%9F%D0%B0%D0%B2%D0%B5%D0%BB_%D0%98%D0%B2%D0%B0%D0%BD%D0%BE%D0%B2%D0%B8%D1%87",greg,"01:38, 30 August 2014",Vlsergey,y,P570 (date of death)
Q12880457,https://www.wikidata.org/w/index.php?title=Q12880457&diff=114195824&oldid=114195599,https://el.wikipedia.org/wiki/%CE%9C%CE%AC%CF%87%CE%B7_%CF%84%CE%BF%CF%85_%CE%91%CE%B3%CE%AF%CE%BF%CF%85_%CE%91%CE%B8%CE%B1%CE%BD%CE%B1%CF%83%CE%AF%CE%BF%CF%85_%CE%9A%CE%B1%CF%81%CF%8D%CF%84%CE%B1%CE%B9%CE%BD%CE%B1%CF%82,greg,"22:11, 5 March 2014",Geraki,n,P585 (point in time)
Q16007071,https://www.wikidata.org/w/index.php?title=Q16007071&diff=118668264&oldid=118668253,https://de.wikipedia.org/wiki/Konrad_von_dem_Eichhorn_%28%E2%80%A0_1437%29,greg,"08:41, 2 April 2014",Magnus Manske,"n
",P570 (date of death)
Q15080884,https://www.wikidata.org/w/index.php?title=Q15080884&diff=157580789&oldid=104972697,"https://ru.wikipedia.org/wiki/%D0%9F%D0%BE%D0%B7%D0%B4%D0%B5%D0%B5%D0%B2,_%D0%9E%D1%81%D0%B8%D0%BF_%D0%90%D0%BB%D0%B5%D0%BA%D1%81%D0%B5%D0%B5%D0%B2%D0%B8%D1%87",greg,"01:36, 15 September 2014",Vlsergey,y,P570 (date of death)
Q4125988,https://www.wikidata.org/w/index.php?title=Q4125988&diff=154286054&oldid=153409470,"https://ru.wikipedia.org/wiki/%D0%92%D0%BE%D1%80%D0%BE%D1%88%D0%B8%D0%BB%D0%BE%D0%B2,_%D0%9D%D0%B8%D0%BA%D0%BE%D0%BB%D0%B0%D0%B9_%D0%9D%D0%B8%D0%BA%D0%BE%D0%BB%D0%B0%D0%B5%D0%B2%D0%B8%D1%87",greg,"01:11, 30 August 2014",Vlsergey,y,P569 (date of birth)
Q4125988,https://www.wikidata.org/w/index.php?title=Q4125988&diff=154286054&oldid=153409470,"https://ru.wikipedia.org/wiki/%D0%92%D0%BE%D1%80%D0%BE%D1%88%D0%B8%D0%BB%D0%BE%D0%B2,_%D0%9D%D0%B8%D0%BA%D0%BE%D0%BB%D0%B0%D0%B9_%D0%9D%D0%B8%D0%BA%D0%BE%D0%BB%D0%B0%D0%B5%D0%B2%D0%B8%D1%87",greg,"01:11, 30 August 2014",Vlsergey,y,P570 (date of death)
Q4182847,https://www.wikidata.org/w/index.php?title=Q4182847&diff=157416489&oldid=112430407,"https://ru.wikipedia.org/wiki/%D0%97%D0%B0%D0%B2%D0%B0%D0%B4%D0%BE%D0%B2%D1%81%D0%BA%D0%B8%D0%B9,_%D0%92%D0%B0%D1%81%D0%B8%D0%BB%D0%B8%D0%B9_%D0%9F%D0%B5%D1%82%D1%80%D0%BE%D0%B2%D0%B8%D1%87",greg,"10:31, 14 September 2014",Vlsergey,y,P569 (date of birth)
Q4182847,https://www.wikidata.org/w/index.php?title=Q4182847&diff=157416489&oldid=112430407,"https://ru.wikipedia.org/wiki/%D0%97%D0%B0%D0%B2%D0%B0%D0%B4%D0%BE%D0%B2%D1%81%D0%BA%D0%B8%D0%B9,_%D0%92%D0%B0%D1%81%D0%B8%D0%BB%D0%B8%D0%B9_%D0%9F%D0%B5%D1%82%D1%80%D0%BE%D0%B2%D0%B8%D1%87",greg,"10:31, 14 September 2014",Vlsergey,y,P570 (date of death)
Q4181509,https://www.wikidata.org/w/index.php?title=Q4181509&diff=157348429&oldid=121650813,"https://ru.wikipedia.org/wiki/%D0%96%D1%83%D0%BA%D0%BE%D0%B2%D1%81%D0%BA%D0%B8%D0%B9,_%D0%92%D0%B0%D0%BB%D0%B5%D0%BD%D1%82%D0%B8%D0%BD_%D0%90%D0%BB%D0%B5%D0%BA%D1%81%D0%B5%D0%B5%D0%B2%D0%B8%D1%87",greg,"05:13, 14 September 2014",Vlsergey,y,P569 (date of birth)
Q4181509,https://www.wikidata.org/w/index.php?title=Q4181509&diff=157348429&oldid=121650813,"https://ru.wikipedia.org/wiki/%D0%96%D1%83%D0%BA%D0%BE%D0%B2%D1%81%D0%BA%D0%B8%D0%B9,_%D0%92%D0%B0%D0%BB%D0%B5%D0%BD%D1%82%D0%B8%D0%BD_%D0%90%D0%BB%D0%B5%D0%BA%D1%81%D0%B5%D0%B5%D0%B2%D0%B8%D1%87",greg,"05:13, 14 September 2014",Vlsergey,y,P570 (date of death)
Q4142042,https://www.wikidata.org/w/index.php?title=Q4142042&diff=154283080&oldid=153385132,"https://ru.wikipedia.org/wiki/%D0%93%D0%BE%D0%BB%D0%BE%D0%B2%D1%89%D0%B8%D0%BA%D0%BE%D0%B2,_%D0%9A%D0%BE%D0%BD%D1%81%D1%82%D0%B0%D0%BD%D1%82%D0%B8%D0%BD_%D0%94%D0%BC%D0%B8%D1%82%D1%80%D0%B8%D0%B5%D0%B2%D0%B8%D1%87",greg,"00:51, 30 August 2014",Vlsergey,y,P569 (date of birth)
Q4142042,https://www.wikidata.org/w/index.php?title=Q4142042&diff=154283080&oldid=153385132,"https://ru.wikipedia.org/wiki/%D0%93%D0%BE%D0%BB%D0%BE%D0%B2%D1%89%D0%B8%D0%BA%D0%BE%D0%B2,_%D0%9A%D0%BE%D0%BD%D1%81%D1%82%D0%B0%D0%BD%D1%82%D0%B8%D0%BD_%D0%94%D0%BC%D0%B8%D1%82%D1%80%D0%B8%D0%B5%D0%B2%D0%B8%D1%87",greg,"00:51, 30 August 2014",Vlsergey,y,P570 (date of death)
Q4296801,https://www.wikidata.org/w/index.php?title=Q4296801&diff=84808620&oldid=77506986,https://ru.wikipedia.org/wiki/%D0%9C%D0%B8%D1%82%D1%80%D0%BE%D1%84%D0%B0%D0%BD_%28%D0%B5%D0%BF%D0%B8%D1%81%D0%BA%D0%BE%D0%BF_%D0%92%D0%BB%D0%B0%D0%B4%D0%B8%D0%BC%D0%B8%D1%80%D1%81%D0%BA%D0%B8%D0%B9%29,jul,"09:46, 9 November 2013",KrBot,"y
",P570 (date of death)
Q4138220,https://www.wikidata.org/w/index.php?title=Q4138220&diff=82119578&oldid=76159943,https://ru.wikipedia.org/wiki/%D0%93%D0%B8%D0%B7%D0%B5%D0%BB%D1%8C%D0%B1%D0%B5%D1%80%D1%82_II_%28%D0%B3%D1%80%D0%B0%D1%84_%D0%90%D1%80%D0%B4%D0%B5%D0%BD%D0%BD%D0%B5%D0%BD%D0%B3%D0%B0%D1%83%29,jul,"03:12, 28 October 2013",KrBot,y,P570 (date of death)
Q4139584,https://www.wikidata.org/w/index.php?title=Q4139584&diff=82134257&oldid=76168455,https://en.wikipedia.org/wiki/Gleb_Svyatoslavich,jul,"04:30, 28 October 2013",KrBot,y,P570 (date of death)
Q7359191,https://www.wikidata.org/w/index.php?title=Q7359191&diff=114925424&oldid=114925302,"https://ru.wikipedia.org/wiki/%D0%9A%D0%BB%D0%B8%D1%84%D1%84%D0%BE%D1%80%D0%B4,_%D0%A0%D0%BE%D0%B4%D0%B6%D0%B5%D1%80,_2-%D0%B9_%D0%B1%D0%B0%D1%80%D0%BE%D0%BD_%D0%B4%D0%B5_%D0%9A%D0%BB%D0%B8%D1%84%D1%84%D0%BE%D1%80%D0%B4",greg,"14:19, 8 March 2014",Vladimir Solovjev,n,P569 (date of birth)
Q7359191,https://www.wikidata.org/w/index.php?title=Q7359191&diff=114925490&oldid=114925424,"https://ru.wikipedia.org/wiki/%D0%9A%D0%BB%D0%B8%D1%84%D1%84%D0%BE%D1%80%D0%B4,_%D0%A0%D0%BE%D0%B4%D0%B6%D0%B5%D1%80,_2-%D0%B9_%D0%B1%D0%B0%D1%80%D0%BE%D0%BD_%D0%B4%D0%B5_%D0%9A%D0%BB%D0%B8%D1%84%D1%84%D0%BE%D1%80%D0%B4",greg,"14:19, 8 March 2014",Vladimir Solovjev,n,P570 (date of death)
Q2466161,https://www.wikidata.org/w/index.php?title=Q2466161&diff=79862513&oldid=79862505,https://en.wikipedia.org/wiki/Procopius_of_Scythopolis,greg,"15:43, 20 October 2013",KrBot,y,P570 (date of death)
Q3880850,https://www.wikidata.org/w/index.php?title=Q3880850&diff=78922042&oldid=78922037,https://it.wikipedia.org/wiki/Oderisio_di_Montecassino,jul,"08:02, 17 October 2013",KrBot,y,P570 (date of death)
Q504529,https://www.wikidata.org/w/index.php?title=Q504529&diff=77489404&oldid=77489393,https://de.wikipedia.org/wiki/Theodor_von_Tarsus,jul,"18:43, 13 October 2013",KrBot,y,P570 (date of death)
Q160922,https://www.wikidata.org/w/index.php?title=Q160922&diff=60557700&oldid=60557676,https://de.wikipedia.org/wiki/Coelestin_I.,jul,"17:55, 21 July 2013",Denny,n,P570 (date of death)
Q160922,https://www.wikidata.org/w/index.php?title=Q160922&diff=60557649&oldid=60557582,https://de.wikipedia.org/wiki/Coelestin_I.,greg,"17:55, 21 July 2013",Denny,n,P39 / start time
Q162972,https://www.wikidata.org/w/index.php?title=Q162972&diff=60571137&oldid=60571112,https://de.wikipedia.org/wiki/Eutychianus,jul,"19:45, 21 July 2013",Denny,n,P570 (date of death)
Q162972,https://www.wikidata.org/w/index.php?title=Q162972&diff=60571070&oldid=60571030,https://de.wikipedia.org/wiki/Eutychianus,jul,"19:45, 21 July 2013",Denny,n,P39 / start time
Q2732255,https://www.wikidata.org/w/index.php?title=Q2732255&diff=108824587&oldid=108824508,https://en.wikipedia.org/wiki/Battle_of_Marj_al-Saffar_%281303%29,greg,"13:48, 11 February 2014",GerardM,n,P31 / start
Q2732255,https://www.wikidata.org/w/index.php?title=Q2732255&diff=108824587&oldid=108824508,https://en.wikipedia.org/wiki/Battle_of_Marj_al-Saffar_%281303%29,greg,"13:48, 11 February 2014",GerardM,n,P31 / end
Q1775799,https://www.wikidata.org/w/index.php?title=Q1775799&diff=104728432&oldid=104728359,https://fr.wikipedia.org/wiki/Abbaye_de_Pilis,greg,"13:36, 24 January 2014",Laurent Jerry,n,P611 / start
Q569771,https://www.wikidata.org/w/index.php?title=Q569771&diff=154286005&oldid=153409160,"https://ru.wikipedia.org/wiki/%D0%94%D0%BE%D0%B3%D0%B5%D0%BB%D1%8C,_%D0%90%D0%BB%D0%B5%D0%BA%D1%81%D0%B0%D0%BD%D0%B4%D1%80_%D0%A1%D1%82%D0%B0%D0%BD%D0%B8%D1%81%D0%BB%D0%B0%D0%B2%D0%BE%D0%B2%D0%B8%D1%87",greg,"01:10, 30 August 2014",Vlsergey,y,P569 (date of birth)
Q2002889,https://www.wikidata.org/w/index.php?title=Q2002889&diff=157566261&oldid=155661029,https://fr.wikipedia.org/wiki/Pierre_de_Rieux,greg,"22:15, 14 September 2014",Vlsergey,y,P569 (date of birth)
Q71740,https://www.wikidata.org/w/index.php?title=Q71740&diff=96050290&oldid=91349384,https://en.wikipedia.org/wiki/Philotheos_Bryennios,jul,"00:14, 25 December 2013",Jdforrester,n,P569 (date of birth)
Q137352,https://www.wikidata.org/w/index.php?title=Q137352&diff=155815199&oldid=153391239,"https://ru.wikipedia.org/wiki/%D0%9B%D1%83%D0%BA%D1%8C%D1%8F%D0%BD%D0%B5%D0%BD%D0%BA%D0%BE,_%D0%9F%D0%B0%D0%B2%D0%B5%D0%BB_%D0%9F%D0%B0%D0%BD%D1%82%D0%B5%D0%BB%D0%B5%D0%B9%D0%BC%D0%BE%D0%BD%D0%BE%D0%B2%D0%B8%D1%87",greg,"00:19, 5 September 2014",Vlsergey,y,P569 (date of birth)
Q289905,https://www.wikidata.org/w/index.php?title=Q289905&diff=84560068&oldid=81072078,https://en.wikipedia.org/wiki/Blessed_Margaret_of_Savoy,jul,"14:36, 8 November 2013",KrBot,y,P569 (date of birth)
Q289905,https://www.wikidata.org/w/index.php?title=Q289905&diff=84560080&oldid=84560075,https://en.wikipedia.org/wiki/Blessed_Margaret_of_Savoy,jul,"14:36, 8 November 2013",KrBot,y,P570 (date of death)
Q435540,https://www.wikidata.org/w/index.php?title=Q435540&diff=123536058&oldid=123536050,https://de.wikipedia.org/wiki/Rina_Wassiljewna_Seljonaja,greg,"20:27, 28 April 2014",PLbot,y,P569 (date of birth)
Q430359,https://www.wikidata.org/w/index.php?title=Q430359&diff=154700627&oldid=153069073,"https://ru.wikipedia.org/wiki/%D0%A2%D0%B8%D1%85%D0%BE%D0%BD%D1%80%D0%B0%D0%B2%D0%BE%D0%B2,_%D0%9C%D0%B8%D1%85%D0%B0%D0%B8%D0%BB_%D0%9A%D0%BB%D0%B0%D0%B2%D0%B4%D0%B8%D0%B5%D0%B2%D0%B8%D1%87",greg,"20:16, 31 August 2014",Vlsergey,y,P569 (date of birth)
Q457191,https://www.wikidata.org/w/index.php?title=Q457191&diff=188597012&oldid=185026062,http://www.treccani.it/enciclopedia/pietro-andrea-mattioli_%28Dizionario-Biografico%29/,jul,"12:03, 17 January 2015",Accurimbono,n,P569 (date of birth)
Q457191,https://www.wikidata.org/w/index.php?title=Q457191&diff=188598513&oldid=188598103,http://www.treccani.it/enciclopedia/pietro-andrea-mattioli_%28Dizionario-Biografico%29/,jul,"12:09, 17 January 2015",Accurimbono,n,P570 (date of death)
Q455618,https://www.wikidata.org/w/index.php?title=Q455618&diff=155816255&oldid=153121739,https://en.wikipedia.org/wiki/Thomas_Campion,greg,"00:31, 5 September 2014",Vlsergey,y,P569 (date of birth)
Q4083426,https://www.wikidata.org/w/index.php?title=Q4083426&diff=81217636&oldid=75400948,"https://ru.wikipedia.org/wiki/%D0%91%D0%B5%D0%BB%D1%8F%D0%B5%D0%B2,_%D0%92%D0%BB%D0%B0%D0%B4%D0%B8%D0%BC%D0%B8%D1%80_%D0%9F%D0%B0%D0%B2%D0%BB%D0%BE%D0%B2%D0%B8%D1%87",greg,"16:59, 24 October 2013",KrBot,y,P569 (date of birth)
Q4149434,https://www.wikidata.org/w/index.php?title=Q4149434&diff=156260090&oldid=155541049,"https://ru.wikipedia.org/wiki/%D0%93%D1%80%D0%B8%D0%B3%D0%BE%D1%80%D1%8F%D0%BD,_%D0%9C%D0%B0%D1%80%D0%BA_%D0%92%D0%BB%D0%B0%D0%B4%D0%B8%D0%BC%D0%B8%D1%80%D0%BE%D0%B2%D0%B8%D1%87_%28%D0%B0%D1%80%D1%85%D0%B8%D1%82%D0%B5%D0%BA%D1%82%D0%BE%D1%80%29",greg,"00:37, 8 September 2014",Vlsergey,y,P569 (date of birth)
Q4140619,https://www.wikidata.org/w/index.php?title=Q4140619&diff=154280357&oldid=86357831,"https://ru.wikipedia.org/wiki/%D0%93%D0%BD%D0%B5%D0%B2%D1%8B%D1%88%D0%B5%D0%B2,_%D0%9C%D1%81%D1%82%D0%B8%D1%81%D0%BB%D0%B0%D0%B2_%D0%9D%D0%B8%D0%BA%D0%BE%D0%BB%D0%B0%D0%B5%D0%B2%D0%B8%D1%87",greg,"00:34, 30 August 2014",Vlsergey,y,P569 (date of birth)
Q982211,https://www.wikidata.org/w/index.php?title=Q982211&diff=157346241&oldid=154639285,"https://ru.wikipedia.org/wiki/%D0%9A%D1%83%D0%BB%D0%B8%D0%B1%D0%B8%D0%BD,_%D0%98%D0%B2%D0%B0%D0%BD_%D0%9F%D0%B5%D1%82%D1%80%D0%BE%D0%B2%D0%B8%D1%87",greg,"05:01, 14 September 2014",Vlsergey,y,P569 (date of birth)
Q982211,https://www.wikidata.org/w/index.php?title=Q982211&diff=157346241&oldid=154639285,"https://ru.wikipedia.org/wiki/%D0%9A%D1%83%D0%BB%D0%B8%D0%B1%D0%B8%D0%BD,_%D0%98%D0%B2%D0%B0%D0%BD_%D0%9F%D0%B5%D1%82%D1%80%D0%BE%D0%B2%D0%B8%D1%87",greg,"05:01, 14 September 2014",Vlsergey,y,P570 (date of death)
Q73961,https://www.wikidata.org/w/index.php?title=Q73961&diff=157495513&oldid=156420950,https://www.wikidata.org/wiki/Q73961,greg,"15:34, 14 September 2014",Vlsergey,y,P569 (date of birth)
Q73961,https://www.wikidata.org/w/index.php?title=Q73961&diff=157495513&oldid=156420950,https://www.wikidata.org/wiki/Q73961,greg,"15:34, 14 September 2014",Vlsergey,y,P570 (date of death)
Q4105615,https://www.wikidata.org/w/index.php?title=Q4105615&diff=81601312&oldid=75941154,"https://ru.wikipedia.org/wiki/%D0%92%D0%B2%D0%B5%D0%B4%D0%B5%D0%BD%D1%81%D0%BA%D0%B8%D0%B9,_%D0%90%D1%80%D1%81%D0%B5%D0%BD%D0%B8%D0%B9_%D0%98%D0%B2%D0%B0%D0%BD%D0%BE%D0%B2%D0%B8%D1%87",greg,"11:06, 26 October 2013",KrBot,y,P569 (date of birth)
Q4105615,https://www.wikidata.org/w/index.php?title=Q4105615&diff=81601319&oldid=81601316,"https://ru.wikipedia.org/wiki/%D0%92%D0%B2%D0%B5%D0%B4%D0%B5%D0%BD%D1%81%D0%BA%D0%B8%D0%B9,_%D0%90%D1%80%D1%81%D0%B5%D0%BD%D0%B8%D0%B9_%D0%98%D0%B2%D0%B0%D0%BD%D0%BE%D0%B2%D0%B8%D1%87",greg,"11:06, 26 October 2013",KrBot,y,P570 (date of death)
Q4255289,https://www.wikidata.org/w/index.php?title=Q4255289&diff=157527752&oldid=156850298,"https://ru.wikipedia.org/wiki/%D0%9B%D0%B0%D1%84%D0%BE%D0%BD,_%D0%A1%D0%BE%D1%84%D1%8C%D1%8F_%D0%98%D0%B2%D0%B0%D0%BD%D0%BE%D0%B2%D0%BD%D0%B0_%D0%B4%D0%B5",greg,"18:47, 14 September 2014",Vlsergey,y,P569 (date of birth)
Q4255289,https://www.wikidata.org/w/index.php?title=Q4255289&diff=157527752&oldid=156850298,"https://ru.wikipedia.org/wiki/%D0%9B%D0%B0%D1%84%D0%BE%D0%BD,_%D0%A1%D0%BE%D1%84%D1%8C%D1%8F_%D0%98%D0%B2%D0%B0%D0%BD%D0%BE%D0%B2%D0%BD%D0%B0_%D0%B4%D0%B5",greg,"18:47, 14 September 2014",Vlsergey,y,P570 (date of death)
Q315447,https://www.wikidata.org/w/index.php?title=Q315447&diff=80315130&oldid=80315127,https://de.wikipedia.org/wiki/Rekkeswinth,jul,"18:59, 21 October 2013",KrBot,y,P570 (date of death)
Q314001,https://www.wikidata.org/w/index.php?title=Q314001&diff=80253951&oldid=80253946,https://de.wikipedia.org/wiki/Rudolf_II._%28%C3%96sterreich%29,jul,"14:38, 21 October 2013",KrBot,y,P570 (date of death)
Q505005,https://www.wikidata.org/w/index.php?title=Q505005&diff=82119550&oldid=81994741,https://de.wikipedia.org/wiki/Giselbert_von_Lothringen,jul,"03:12, 28 October 2013",KrBot,y,P570 (date of death)
Q151902,https://www.wikidata.org/w/index.php?title=Q151902&diff=60538841&oldid=60538820,https://de.wikipedia.org/wiki/Benedikt_I.,greg,"15:19, 21 July 2013",Denny,n,P570 (date of death)
Q151902,https://www.wikidata.org/w/index.php?title=Q151902&diff=60538791&oldid=60538771,https://de.wikipedia.org/wiki/Benedikt_I.,greg,"15:18, 21 July 2013",Denny,n,P39 / start time
Q3740606,https://www.wikidata.org/w/index.php?title=Q3740606&diff=160123397&oldid=120344976,"https://ru.wikipedia.org/wiki/%D0%92%D0%B8%D0%B3%D0%B5%D0%BB%D1%8C,_%D0%A4%D0%B8%D0%BB%D0%B8%D0%BF%D0%BF_%D0%A4%D0%B8%D0%BB%D0%B8%D0%BF%D0%BF%D0%BE%D0%B2%D0%B8%D1%87",greg,"21:47, 27 September 2014",95.26.10.205,n,P569 (date of birth)
Q3740606,https://www.wikidata.org/w/index.php?title=Q3740606&diff=160123427&oldid=160123397,"https://ru.wikipedia.org/wiki/%D0%92%D0%B8%D0%B3%D0%B5%D0%BB%D1%8C,_%D0%A4%D0%B8%D0%BB%D0%B8%D0%BF%D0%BF_%D0%A4%D0%B8%D0%BB%D0%B8%D0%BF%D0%BF%D0%BE%D0%B2%D0%B8%D1%87",greg,"21:47, 27 September 2014",95.26.10.205,n,P570 (date of death)
Q4149334,https://www.wikidata.org/w/index.php?title=Q4149334&diff=156450007&oldid=142942453,"https://ru.wikipedia.org/wiki/%D0%93%D1%80%D0%B8%D0%B3%D0%BE%D1%80%D1%8C%D0%B5%D0%B2,_%D0%A4%D1%91%D0%B4%D0%BE%D1%80_%D0%92%D0%B0%D1%81%D0%B8%D0%BB%D1%8C%D0%B5%D0%B2%D0%B8%D1%87#.D0.91.D0.B8.D0.BE.D0.B3.D1.80.D0.B0.D1.84.D0.B8.D1.8F",greg,"04:09, 9 September 2014",Vlsergey,y,P569 (date of birth)
Q12113625,https://www.wikidata.org/w/index.php?title=Q12113625&diff=155789097&oldid=145343910,"https://ru.wikipedia.org/wiki/%D0%9A%D0%BE%D1%81%D1%82%D1%8E%D0%BA,_%D0%93%D1%80%D0%B8%D0%B3%D0%BE%D1%80%D0%B8%D0%B9_%D0%90%D0%BB%D0%B5%D0%BA%D1%81%D0%B0%D0%BD%D0%B4%D1%80%D0%BE%D0%B2%D0%B8%D1%87",greg,"18:34, 4 September 2014",Vlsergey,y,P569 (date of birth)
Q15064618,https://www.wikidata.org/w/index.php?title=Q15064618&diff=156401019&oldid=78785910,"https://ru.wikipedia.org/wiki/%D0%91%D0%BE%D0%BD%D0%B4%D0%B0%D1%80%D0%B5%D0%BD%D0%BA%D0%BE,_%D0%9A%D0%BE%D0%BD%D1%81%D1%82%D0%B0%D0%BD%D1%82%D0%B8%D0%BD_%D0%98%D0%B2%D0%B0%D0%BD%D0%BE%D0%B2%D0%B8%D1%87",greg,"23:13, 8 September 2014",Vlsergey,y,P569 (date of birth)
Q711567,https://www.wikidata.org/w/index.php?title=Q711567&diff=84640886&oldid=83883108,https://de.wikipedia.org/wiki/Matteo_II._Visconti,jul,"19:43, 8 November 2013",KrBot,y,P570 (date of death)
Q4127279,https://www.wikidata.org/w/index.php?title=Q4127279&diff=81908793&oldid=76016794,https://ru.wikipedia.org/wiki/%D0%92%D1%81%D0%B5%D0%B2%D0%BE%D0%BB%D0%BE%D0%B4_%D0%9A%D0%BE%D0%BD%D1%81%D1%82%D0%B0%D0%BD%D1%82%D0%B8%D0%BD%D0%BE%D0%B2%D0%B8%D1%87,jul,"12:15, 27 October 2013",KrBot,y,P569 (date of birth)
Q4127279,https://www.wikidata.org/w/index.php?title=Q4127279&diff=81908804&oldid=81908800,https://ru.wikipedia.org/wiki/%D0%92%D1%81%D0%B5%D0%B2%D0%BE%D0%BB%D0%BE%D0%B4_%D0%9A%D0%BE%D0%BD%D1%81%D1%82%D0%B0%D0%BD%D1%82%D0%B8%D0%BD%D0%BE%D0%B2%D0%B8%D1%87,jul,"12:15, 27 October 2013",KrBot,y,P570 (date of death)
Q15067179,https://www.wikidata.org/w/index.php?title=Q15067179&diff=157581076&oldid=77823952,"https://ru.wikipedia.org/wiki/%D0%97%D1%83%D0%B1%D0%BE%D0%B2,_%D0%9F%D0%BB%D0%B0%D1%82%D0%BE%D0%BD_%D0%90%D0%BB%D0%B5%D0%BA%D1%81%D0%B0%D0%BD%D0%B4%D1%80%D0%BE%D0%B2%D0%B8%D1%87_%281835%29",greg,"01:43, 15 September 2014",Vlsergey,y,P569 (date of birth)
Q15067179,https://www.wikidata.org/w/index.php?title=Q15067179&diff=157581076&oldid=77823952,"https://ru.wikipedia.org/wiki/%D0%97%D1%83%D0%B1%D0%BE%D0%B2,_%D0%9F%D0%BB%D0%B0%D1%82%D0%BE%D0%BD_%D0%90%D0%BB%D0%B5%D0%BA%D1%81%D0%B0%D0%BD%D0%B4%D1%80%D0%BE%D0%B2%D0%B8%D1%87_%281835%29",greg,"01:43, 15 September 2014",Vlsergey,y,P570 (date of death)
Q201484,https://www.wikidata.org/w/index.php?title=Q201484&diff=157346816&oldid=155985680,https://de.wikipedia.org/wiki/John_Dee,greg,"05:04, 14 September 2014",Vlsergey,y,P569 (date of birth)
Q1916846,https://www.wikidata.org/w/index.php?title=Q1916846&diff=154280467&oldid=98730793,https://en.wikipedia.org/wiki/Dmitry_Dubyago,greg,"00:34, 30 August 2014",Vlsergey,y,P569 (date of birth)
Q3735046,https://www.wikidata.org/w/index.php?title=Q3735046&diff=141766464&oldid=5209105,https://es.wikipedia.org/wiki/Anexo:Personal_de_Hogwarts#Nick_Casi_Decapitado,greg,"17:19, 30 June 2014",merge,merge,P570 (date of death)
Q3735046,https://www.wikidata.org/w/index.php?title=Q3735046&diff=141766464&oldid=5209105,https://es.wikipedia.org/wiki/Anexo:Personal_de_Hogwarts#Nick_Casi_Decapitado,greg,"17:19, 30 June 2014",merge,merge,P31 / end
Q227981,https://www.wikidata.org/w/index.php?title=Q227981&diff=54584746&oldid=54584740,https://en.wikipedia.org/wiki/Pope_Gregory_VI,greg,"20:53, 6 July 2013",Denny,n,P39 / start time
Q227981,https://www.wikidata.org/w/index.php?title=Q227981&diff=54584757&oldid=54584746,https://en.wikipedia.org/wiki/Pope_Gregory_VI,greg,"20:54, 6 July 2013",Denny,n,P39 / end time
Q4074415,https://www.wikidata.org/w/index.php?title=Q4074415&diff=157052589&oldid=121796973,"https://ru.wikipedia.org/wiki/%D0%91%D0%B0%D0%B1%D0%B8%D1%87%D0%B5%D0%B2,_%D0%AE%D1%80%D0%B8%D0%B9_%D0%9D%D0%B8%D0%BA%D0%BE%D0%BB%D0%B0%D0%B5%D0%B2%D0%B8%D1%87",greg,"18:55, 12 September 2014",Vlsergey,y,P569 (date of birth)
Q4235815,https://www.wikidata.org/w/index.php?title=Q4235815&diff=154285230&oldid=153398434,"https://ru.wikipedia.org/wiki/%D0%9A%D0%BE%D1%81%D1%8B%D0%B3%D0%B8%D0%BD,_%D0%AE%D1%80%D0%B8%D0%B9_%D0%90%D0%BB%D0%B5%D0%BA%D1%81%D0%B0%D0%BD%D0%B4%D1%80%D0%BE%D0%B2%D0%B8%D1%87",greg,"01:03, 30 August 2014",Vlsergey,y,P569 (date of birth)
Q3072690,https://www.wikidata.org/w/index.php?title=Q3072690&diff=156140441&oldid=156132522,"https://ru.wikipedia.org/wiki/%D0%90%D0%B2%D0%B5%D0%BB%D0%B0%D0%BD,_%D0%A4%D1%91%D0%B4%D0%BE%D1%80_%D0%9A%D0%B0%D1%80%D0%BB%D0%BE%D0%B2%D0%B8%D1%87",greg,"09:01, 7 September 2014",Helgi-S,n,P410 / P585 (point in time)
Q3072690,https://www.wikidata.org/w/index.php?title=Q3072690&diff=156140681&oldid=156140441,"https://ru.wikipedia.org/wiki/%D0%90%D0%B2%D0%B5%D0%BB%D0%B0%D0%BD,_%D0%A4%D1%91%D0%B4%D0%BE%D1%80_%D0%9A%D0%B0%D1%80%D0%BB%D0%BE%D0%B2%D0%B8%D1%87",greg,"09:03, 7 September 2014",Helgi-S,n,P410 / P585 (point in time)
Q707637,https://www.wikidata.org/w/index.php?title=Q707637&diff=82091538&oldid=82091532,https://de.wikipedia.org/wiki/Heinrich_von_Gent,jul,"01:04, 28 October 2013",KrBot,y,P570 (date of death)
Q712580,https://www.wikidata.org/w/index.php?title=Q712580&diff=82917576&oldid=81047003,https://de.wikipedia.org/wiki/Gottfried_I._%28Anjou%29,jul,"11:11, 31 October 2013",KrBot,y,P570 (date of death)
Q312458,https://www.wikidata.org/w/index.php?title=Q312458&diff=157373279&oldid=153713796,https://en.wikipedia.org/wiki/Jami,greg,"07:45, 14 September 2014",Vlsergey,y,P569 (date of birth)
Q312458,https://www.wikidata.org/w/index.php?title=Q312458&diff=157373279&oldid=153713796,https://en.wikipedia.org/wiki/Jami,greg,"07:45, 14 September 2014",Vlsergey,y,P570 (date of death)
Q312458,https://www.wikidata.org/w/index.php?title=Q312458&diff=82724956&oldid=82724952,https://en.wikipedia.org/wiki/Jami,jul,"12:07, 30 October 2013",KrBot,y,P570 (date of death)
Q119431,https://www.wikidata.org/w/index.php?title=Q119431&diff=83170630&oldid=83170626,https://de.wikipedia.org/wiki/Irene_von_Byzanz,jul,"01:01, 2 November 2013",KrBot,y,P570 (date of death)
Q47149,https://www.wikidata.org/w/index.php?title=Q47149&diff=60566296&oldid=60566273,https://en.wikipedia.org/wiki/Pope_Sylvester_I,greg,"19:01, 21 July 2013",Denny,n,P39 / start time
Q47149,https://www.wikidata.org/w/index.php?title=Q47149&diff=106873560&oldid=106873470,https://de.wikipedia.org/wiki/Silvester_I.,greg,"22:16, 31 January 2014",Danrok,n,P39 / end time
Q47149,https://www.wikidata.org/w/index.php?title=Q47149&diff=60566353&oldid=60566326,https://de.wikipedia.org/wiki/Silvester_I.,greg,"19:02, 21 July 2013",Denny,n,P570 (date of death)
Q61056,https://www.wikidata.org/w/index.php?title=Q61056&diff=80774518&oldid=80774516,https://en.wikipedia.org/wiki/Al-Ma%27mun,jul,"00:42, 23 October 2013",KrBot,y,P570 (date of death)
Q597299,https://www.wikidata.org/w/index.php?title=Q597299&diff=77400175&oldid=77400166,https://de.wikipedia.org/wiki/Florenz_von_Hennegau,jul,"14:16, 13 October 2013",KrBot,y,P570 (date of death)
Q4182456,https://www.wikidata.org/w/index.php?title=Q4182456&diff=155724786&oldid=143670764,"https://ru.wikipedia.org/wiki/%D0%97%D0%B0%D0%B1%D0%B8%D0%BB%D0%B0,_%D0%9D%D0%B0%D1%82%D0%B0%D0%BB%D1%8C%D1%8F_%D0%9B%D1%8C%D0%B2%D0%BE%D0%B2%D0%BD%D0%B0",greg,"07:07, 4 September 2014",Vlsergey,y,P569 (date of birth)
Q2643924,https://www.wikidata.org/w/index.php?title=Q2643924&diff=156948538&oldid=121797487,"https://ru.wikipedia.org/wiki/%D0%9A%D0%BE%D0%BA%D0%BE%D1%80%D0%B5%D0%BA%D0%B8%D0%BD,_%D0%90%D0%BB%D0%B5%D0%BA%D1%81%D0%B5%D0%B9_%D0%90%D0%BB%D0%B5%D0%BA%D1%81%D0%B5%D0%B5%D0%B2%D0%B8%D1%87#.D0.91.D0.B8.D0.BE.D0.B3.D1.80.D0.B0.D1.84.D0.B8.D1.8F",greg,"07:05, 12 September 2014",Vlsergey,y,P569 (date of birth)
Q4465832,https://www.wikidata.org/w/index.php?title=Q4465832&diff=156447871&oldid=133886775,"https://ru.wikipedia.org/wiki/%D0%A2%D1%83%D1%80%D0%B3%D1%83%D0%BD%D0%B1%D0%B0%D0%B5%D0%B2%D0%B0,_%D0%9C%D1%83%D0%BA%D0%B0%D1%80%D1%80%D0%B0%D0%BC",greg,"03:55, 9 September 2014",Vlsergey,y,P569 (date of birth)
Q16687883,https://www.wikidata.org/w/index.php?title=Q16687883&diff=155668385&oldid=153524454,"https://ru.wikipedia.org/wiki/%D0%9F%D1%80%D0%B0%D1%81%D0%BE%D0%BB%D0%BE%D0%B2,_%D0%9B%D0%B5%D0%BE%D0%BD%D0%B8%D0%B4_%D0%98%D0%B2%D0%B0%D0%BD%D0%BE%D0%B2%D0%B8%D1%87",greg,"14:21, 3 September 2014",Vlsergey,y,P569 (date of birth)
Q1163969,https://www.wikidata.org/w/index.php?title=Q1163969&diff=155717438&oldid=154796767,"https://ru.wikipedia.org/wiki/%D0%90%D0%BD%D0%B4%D1%80%D0%B5%D0%B5%D0%B2,_%D0%94%D0%B0%D0%BD%D0%B8%D0%B8%D0%BB_%D0%9B%D0%B5%D0%BE%D0%BD%D0%B8%D0%B4%D0%BE%D0%B2%D0%B8%D1%87",greg,"04:32, 4 September 2014",Vlsergey,y,P569 (date of birth)
Q15623004,https://www.wikidata.org/w/index.php?title=Q15623004&diff=101448535&oldid=101448356,https://ru.wikipedia.org/wiki/%D0%92%D1%81%D0%B5%D1%80%D0%BE%D1%81%D1%81%D0%B8%D0%B9%D1%81%D0%BA%D0%B0%D1%8F_%D1%85%D1%83%D0%B4%D0%BE%D0%B6%D0%B5%D1%81%D1%82%D0%B2%D0%B5%D0%BD%D0%BD%D0%BE-%D0%BF%D1%80%D0%BE%D0%BC%D1%8B%D1%88%D0%BB%D0%B5%D0%BD%D0%BD%D0%B0%D1%8F_%D0%B2%D1%8B%D1%81%D1%82%D0%B0%D0%B2%D0%BA%D0%B0_1882_%D0%B3%D0%BE%D0%B4%D0%B0,greg,"18:07, 13 January 2014",Александр Сигачёв,n,P580 (start time)
Q2617530,https://www.wikidata.org/w/index.php?title=Q2617530&diff=155782699&oldid=82943293,"https://ru.wikipedia.org/wiki/%D0%9F%D0%B0%D0%BD%D1%87,_%D0%9F%D1%91%D1%82%D1%80",greg,"16:40, 4 September 2014",Vlsergey,y,P569 (date of birth)
Q298577,https://www.wikidata.org/w/index.php?title=Q298577&diff=84558502&oldid=82681100,https://ru.wikipedia.org/wiki/%D0%9C%D0%B0%D1%80%D0%B2%D0%B0%D0%BD_I_%D0%B8%D0%B1%D0%BD_%D0%B0%D0%BB%D1%8C-%D0%A5%D0%B0%D0%BA%D0%B0%D0%BC,jul,"14:30, 8 November 2013",KrBot,y,P569 (date of birth)
Q298577,https://www.wikidata.org/w/index.php?title=Q298577&diff=84558514&oldid=84558509,https://ru.wikipedia.org/wiki/%D0%9C%D0%B0%D1%80%D0%B2%D0%B0%D0%BD_I_%D0%B8%D0%B1%D0%BD_%D0%B0%D0%BB%D1%8C-%D0%A5%D0%B0%D0%BA%D0%B0%D0%BC,jul,"14:30, 8 November 2013",KrBot,y,P570 (date of death)
Q4408795,https://www.wikidata.org/w/index.php?title=Q4408795&diff=155775156&oldid=149596649,"https://ru.wikipedia.org/wiki/%D0%A1%D0%B0%D1%80%D1%82%D0%B0%D0%BA%D0%BE%D0%B2,_%D0%A1%D0%B5%D1%80%D0%B3%D0%B5%D0%B9_%D0%92%D0%B5%D0%BD%D0%B5%D0%B4%D0%B8%D0%BA%D1%82%D0%BE%D0%B2%D0%B8%D1%87#.D0.91.D0.B8.D0.BE.D0.B3.D1.80.D0.B0.D1.84.D0.B8.D1.8F",greg,"14:22, 4 September 2014",Vlsergey,y,P569 (date of birth)
Q4305629,https://www.wikidata.org/w/index.php?title=Q4305629&diff=157371634&oldid=87078851,"https://ru.wikipedia.org/wiki/%D0%9C%D1%81%D1%82%D0%B8%D1%81%D0%BB%D0%B0%D0%B2%D1%81%D0%BA%D0%B8%D0%B9,_%D0%A1%D0%B5%D1%80%D0%B3%D0%B5%D0%B9_%D0%94%D0%BC%D0%B8%D1%82%D1%80%D0%B8%D0%B5%D0%B2%D0%B8%D1%87",greg,"07:35, 14 September 2014",Vlsergey,y,P569 (date of birth)
Q64451,https://www.wikidata.org/w/index.php?title=Q64451&diff=154732762&oldid=151562960,https://de.wikipedia.org/wiki/Ludwig_von_Struve,greg,"22:04, 31 August 2014",Vlsergey,y,P569 (date of birth)
Q4492430,https://www.wikidata.org/w/index.php?title=Q4492430&diff=154286776&oldid=142053025,"https://ru.wikipedia.org/wiki/%D0%A4%D1%80%D0%B0%D0%BD%D1%86%D0%B5%D0%B2,_%D0%AE%D1%80%D0%B8%D0%B9_%D0%9F%D0%B0%D0%B2%D0%BB%D0%BE%D0%B2%D0%B8%D1%87",greg,"01:16, 30 August 2014",Vlsergey,y,P569 (date of birth)
Q4422742,https://www.wikidata.org/w/index.php?title=Q4422742&diff=155785088&oldid=121915819,"https://ru.wikipedia.org/wiki/%D0%A1%D0%BA%D1%83%D1%80%D0%B0%D1%82%D0%BE%D0%B2,_%D0%9C%D0%B8%D1%85%D0%B0%D0%B8%D0%BB_%D0%9C%D0%B0%D1%80%D0%BA%D0%B5%D0%BB%D0%BE%D0%B2%D0%B8%D1%87",greg,"17:22, 4 September 2014",Vlsergey,y,P569 (date of birth)
Q312598,https://www.wikidata.org/w/index.php?title=Q312598&diff=81094203&oldid=74966208,https://ru.wikipedia.org/wiki/%D0%90%D1%82%D0%B0%D0%BD%D0%B0%D1%80%D0%B8%D1%85,jul,"04:16, 24 October 2013",KrBot,y,P570 (date of death)
Q4089223,https://www.wikidata.org/w/index.php?title=Q4089223&diff=155784308&oldid=86202076,"https://ru.wikipedia.org/wiki/%D0%91%D0%BE%D0%B3%D0%B4%D0%B0%D0%BD%D0%BE%D0%B2,_%D0%92%D0%B0%D1%81%D0%B8%D0%BB%D0%B8%D0%B9_%D0%98%D0%B2%D0%B0%D0%BD%D0%BE%D0%B2%D0%B8%D1%87",greg,"17:08, 4 September 2014",Vlsergey,y,P569 (date of birth)
Q4089223,https://www.wikidata.org/w/index.php?title=Q4089223&diff=155784308&oldid=86202076,"https://ru.wikipedia.org/wiki/%D0%91%D0%BE%D0%B3%D0%B4%D0%B0%D0%BD%D0%BE%D0%B2,_%D0%92%D0%B0%D1%81%D0%B8%D0%BB%D0%B8%D0%B9_%D0%98%D0%B2%D0%B0%D0%BD%D0%BE%D0%B2%D0%B8%D1%87",greg,"17:08, 4 September 2014",Vlsergey,y,P570 (date of death)
Q4266410,https://www.wikidata.org/w/index.php?title=Q4266410&diff=154285305&oldid=153399409,"https://ru.wikipedia.org/wiki/%D0%9B%D0%BE%D0%BD%D0%B3%D0%B8%D0%BD%D0%BE%D0%B2,_%D0%92%D0%BB%D0%B0%D0%B4%D0%B8%D0%BC%D0%B8%D1%80_%D0%92%D0%B8%D1%82%D0%B0%D0%BB%D1%8C%D0%B5%D0%B2%D0%B8%D1%87",greg,"01:04, 30 August 2014",Vlsergey,y,P569 (date of birth)
Q934132,https://www.wikidata.org/w/index.php?title=Q934132&diff=75384626&oldid=74841457,https://de.wikipedia.org/wiki/Emenon,jul,"20:04, 7 October 2013",KrBot,y,P570 (date of death)
Q4248767,https://www.wikidata.org/w/index.php?title=Q4248767&diff=116534781&oldid=116534723,"https://ru.wikipedia.org/wiki/%D0%9A%D1%83%D1%80%D0%BE%D1%87%D0%BA%D0%B8%D0%BD,_%D0%92%D0%BB%D0%B0%D0%B4%D0%B8%D0%BC%D0%B8%D1%80_%D0%A1%D1%82%D0%B5%D0%BF%D0%B0%D0%BD%D0%BE%D0%B2%D0%B8%D1%87",greg,"14:47, 16 March 2014",EugeneZelenko,n,P569 (date of birth)
Q4248767,https://www.wikidata.org/w/index.php?title=Q4248767&diff=116534816&oldid=116534781,"https://ru.wikipedia.org/wiki/%D0%9A%D1%83%D1%80%D0%BE%D1%87%D0%BA%D0%B8%D0%BD,_%D0%92%D0%BB%D0%B0%D0%B4%D0%B8%D0%BC%D0%B8%D1%80_%D0%A1%D1%82%D0%B5%D0%BF%D0%B0%D0%BD%D0%BE%D0%B2%D0%B8%D1%87",greg,"14:48, 16 March 2014",EugeneZelenko,n,P570 (date of death)
Q4112464,https://www.wikidata.org/w/index.php?title=Q4112464&diff=154287535&oldid=153433309,"https://ru.wikipedia.org/wiki/%D0%92%D0%B8%D1%82%D1%80%D0%B0%D0%BC,_%D0%A4%D1%91%D0%B4%D0%BE%D1%80_%D0%A4%D1%91%D0%B4%D0%BE%D1%80%D0%BE%D0%B2%D0%B8%D1%87",greg,"01:21, 30 August 2014",Vlsergey,y,P569 (date of birth)
Q4455594,https://www.wikidata.org/w/index.php?title=Q4455594&diff=154282563&oldid=153380323,"https://ru.wikipedia.org/wiki/%D0%A2%D0%B5%D1%80%D0%B5%D0%BD%D0%B8%D0%BD,_%D0%90%D0%BB%D0%B5%D0%BA%D1%81%D0%B0%D0%BD%D0%B4%D1%80_%D0%9D%D0%B8%D0%BA%D0%BE%D0%BB%D0%B0%D0%B5%D0%B2%D0%B8%D1%87",greg,"00:48, 30 August 2014",Vlsergey,y,P569 (date of birth)
Q4016572,https://www.wikidata.org/w/index.php?title=Q4016572&diff=154284214&oldid=150632342,"https://ru.wikipedia.org/wiki/%D0%A4%D0%B5%D0%BE%D0%B4%D0%BE%D1%81%D1%8C%D0%B5%D0%B2,_%D0%92%D1%81%D0%B5%D0%B2%D0%BE%D0%BB%D0%BE%D0%B4_%D0%98%D0%B2%D0%B0%D0%BD%D0%BE%D0%B2%D0%B8%D1%87",greg,"00:58, 30 August 2014",Vlsergey,y,P569 (date of birth)
Q4452,https://www.wikidata.org/w/index.php?title=Q4452&diff=155720982&oldid=151577296,https://ru.wikipedia.org/wiki/%D0%A2%D0%BE%D0%B2%D0%BC%D0%B0_%D0%9C%D0%B5%D1%86%D0%BE%D0%BF%D0%B5%D1%86%D0%B8,greg,"05:50, 4 September 2014",Vlsergey,y,P570 (date of death)
Q77640,https://www.wikidata.org/w/index.php?title=Q77640&diff=154701459&oldid=124618125,"https://ru.wikipedia.org/wiki/%D0%9C%D0%B0%D0%BA%D1%81%D0%B8%D0%BC%D0%BE%D0%B2%D0%B8%D1%87,_%D0%9A%D0%B0%D1%80%D0%BB_%D0%98%D0%B2%D0%B0%D0%BD%D0%BE%D0%B2%D0%B8%D1%87",greg,"20:19, 31 August 2014",Vlsergey,y,P569 (date of birth)
Q77640,https://www.wikidata.org/w/index.php?title=Q77640&diff=154701459&oldid=124618125,"https://ru.wikipedia.org/wiki/%D0%9C%D0%B0%D0%BA%D1%81%D0%B8%D0%BC%D0%BE%D0%B2%D0%B8%D1%87,_%D0%9A%D0%B0%D1%80%D0%BB_%D0%98%D0%B2%D0%B0%D0%BD%D0%BE%D0%B2%D0%B8%D1%87",greg,"20:19, 31 August 2014",Vlsergey,y,P570 (date of death)
Q4080482,https://www.wikidata.org/w/index.php?title=Q4080482&diff=155723570&oldid=130234042,"https://ru.wikipedia.org/wiki/%D0%91%D0%B5%D0%B3%D0%B8%D1%87%D0%B5%D0%B2,_%D0%94%D0%BC%D0%B8%D1%82%D1%80%D0%B8%D0%B9_%D0%9D%D0%B8%D0%BA%D0%B8%D1%82%D0%B8%D1%87",greg,"06:44, 4 September 2014",Vlsergey,y,P569 (date of birth)
Q4080482,https://www.wikidata.org/w/index.php?title=Q4080482&diff=155723570&oldid=130234042,"https://ru.wikipedia.org/wiki/%D0%91%D0%B5%D0%B3%D0%B8%D1%87%D0%B5%D0%B2,_%D0%94%D0%BC%D0%B8%D1%82%D1%80%D0%B8%D0%B9_%D0%9D%D0%B8%D0%BA%D0%B8%D1%82%D0%B8%D1%87",greg,"06:44, 4 September 2014",Vlsergey,y,P570 (date of death)
Q4189018,https://www.wikidata.org/w/index.php?title=Q4189018&diff=156387699&oldid=145047567,"https://ru.wikipedia.org/wiki/%D0%97%D0%B0%D1%87%D0%B8%D0%BD%D1%8F%D0%B5%D0%B2,_%D0%92%D0%B0%D1%81%D0%B8%D0%BB%D0%B8%D0%B9_%D0%9D%D0%B8%D0%BA%D0%B8%D1%82%D0%BE%D0%B2%D0%B8%D1%87",greg,"22:04, 8 September 2014",Vlsergey,y,P569 (date of birth)
Q160373,https://www.wikidata.org/w/index.php?title=Q160373&diff=60568123&oldid=60568101,https://en.wikipedia.org/wiki/Pope_Marcellinus,jul,"19:18, 21 July 2013","Denny
",n,P39 / start time
Q160373,https://www.wikidata.org/w/index.php?title=Q160373&diff=60568161&oldid=60568147,https://en.wikipedia.org/wiki/Pope_Marcellinus,greg,"19:18, 21 July 2013","Denny
",n,P570 (date of death)
Q134694,https://www.wikidata.org/w/index.php?title=Q134694&diff=60558817&oldid=60558802,https://de.wikipedia.org/wiki/Innozenz_I.,greg,"18:04, 21 July 2013","Denny
",n,P570 (date of death)
Q714397,https://www.wikidata.org/w/index.php?title=Q714397&diff=155718031&oldid=153384535,"https://ru.wikipedia.org/wiki/%D0%9A%D0%BB%D1%8E%D0%B5%D0%B2,_%D0%9D%D0%B8%D0%BA%D0%BE%D0%BB%D0%B0%D0%B9_%D0%90%D0%BB%D0%B5%D0%BA%D1%81%D0%B5%D0%B5%D0%B2%D0%B8%D1%87",greg,"04:47, 4 September 2014",Vlsergey,y,P569 (date of birth)
Q70590,https://www.wikidata.org/w/index.php?title=Q70590&diff=84559297&oldid=84559291,https://ru.wikipedia.org/wiki/%D0%9C%D0%B0%D1%80%D0%B3%D0%B0%D1%80%D0%B8%D1%82%D0%B0_%D0%91%D1%83%D1%80%D0%B3%D1%83%D0%BD%D0%B4%D1%81%D0%BA%D0%B0%D1%8F_%28%D0%BA%D0%BE%D1%80%D0%BE%D0%BB%D0%B5%D0%B2%D0%B0_%D0%A4%D1%80%D0%B0%D0%BD%D1%86%D0%B8%D0%B8%29,jul,"14:33, 8 November 2013",KrBot,y,P570 (date of death)
Q4341219,https://www.wikidata.org/w/index.php?title=Q4341219&diff=157456896&oldid=130240769,https://ru.wikipedia.org/wiki/%D0%9F%D0%B0%D0%B2%D0%B5%D0%BB_%28%D0%93%D1%80%D1%83%D0%B7%D0%B4%D0%B5%D0%B2%29#.D0.94.D0.B5.D1.82.D1.81.D1.82.D0.B2.D0.BE_.D0.B8_.D1.8E.D0.BD.D0.BE.D1.81.D1.82.D1.8C_.281910.E2.80.941941_.D0.B3.D0.BE.D0.B4.D1.8B.29,greg,"13:06, 14 September 2014",Vlsergey,y,P569 (date of birth)
Q4060502,https://www.wikidata.org/w/index.php?title=Q4060502&diff=154277906&oldid=153352934,"https://ru.wikipedia.org/wiki/%D0%90%D0%BB%D0%B0%D0%BD%D0%B4%D1%81%D0%BA%D0%B8%D0%B9,_%D0%9F%D0%B0%D0%B2%D0%B5%D0%BB_%D0%98%D0%B2%D0%B0%D0%BD%D0%BE%D0%B2%D0%B8%D1%87",greg,"00:18, 30 August 2014",Vlsergey,y,P569 (date of birth)
Q4060502,https://www.wikidata.org/w/index.php?title=Q4060502&diff=154277906&oldid=153352934,"https://ru.wikipedia.org/wiki/%D0%90%D0%BB%D0%B0%D0%BD%D0%B4%D1%81%D0%BA%D0%B8%D0%B9,_%D0%9F%D0%B0%D0%B2%D0%B5%D0%BB_%D0%98%D0%B2%D0%B0%D0%BD%D0%BE%D0%B2%D0%B8%D1%87",greg,"00:18, 30 August 2014",Vlsergey,y,P570 (date of death)
Q4234419,https://www.wikidata.org/w/index.php?title=Q4234419&diff=157420840&oldid=108971817,"https://ru.wikipedia.org/wiki/%D0%9A%D0%BE%D1%80%D1%84,_%D0%9D%D0%B8%D0%BA%D0%BE%D0%BB%D0%B0%D0%B9_%D0%90%D0%BB%D0%B5%D0%BA%D1%81%D0%B0%D0%BD%D0%B4%D1%80%D0%BE%D0%B2%D0%B8%D1%87",greg,"10:51, 14 September 2014",Vlsergey,y,P569 (date of birth)
Q4234419,https://www.wikidata.org/w/index.php?title=Q4234419&diff=157420840&oldid=108971817,"https://ru.wikipedia.org/wiki/%D0%9A%D0%BE%D1%80%D1%84,_%D0%9D%D0%B8%D0%BA%D0%BE%D0%BB%D0%B0%D0%B9_%D0%90%D0%BB%D0%B5%D0%BA%D1%81%D0%B0%D0%BD%D0%B4%D1%80%D0%BE%D0%B2%D0%B8%D1%87",greg,"10:51, 14 September 2014",Vlsergey,y,P570 (date of death)
Q4063982,https://www.wikidata.org/w/index.php?title=Q4063982&diff=80925761&oldid=80925757,"https://ru.wikipedia.org/wiki/%D0%90%D0%BC%D0%B0%D1%82%D1%83%D0%BD%D0%B8,_%D0%9F%D0%B5%D1%82%D1%80%D0%BE%D0%BD%D0%B8%D0%B9_%D0%93%D0%B0%D0%B9",greg,"11:55, 23 October 2013",KrBot,y,P569 (date of birth)
